{"stats":{"minecraft:used":{"minecraft:dirt":50},"minecraft:picked_up":{"minecraft:wheat_seeds":1,"minecraft:dandelion":2,"minecraft:dirt":23,"minecraft:lantern":1},"minecraft:custom":{"minecraft:jump":36,"minecraft:time_since_rest":9551,"minecraft:crouch_one_cm":94,"minecraft:play_one_minute":9551,"minecraft:leave_game":1,"minecraft:sprint_one_cm":14292,"minecraft:damage_taken":40,"minecraft:time_since_death":9551,"minecraft:walk_one_cm":8209,"minecraft:sneak_time":60,"minecraft:fly_one_cm":34346}},"DataVersion":2586}