{"stats":{"minecraft:dropped":{"minecraft:acacia_planks":16},"minecraft:used":{"minecraft:wooden_axe":4,"minecraft:crafting_table":2},"minecraft:picked_up":{"minecraft:crafting_table":2,"minecraft:acacia_planks":16,"minecraft:acacia_log":7},"minecraft:crafted":{"minecraft:wooden_sword":1,"minecraft:wooden_shovel":1,"minecraft:acacia_planks":28,"minecraft:wooden_hoe":1,"minecraft:crafting_table":1,"minecraft:stick":12,"minecraft:wooden_pickaxe":1,"minecraft:wooden_axe":1},"minecraft:custom":{"minecraft:time_since_rest":2413,"minecraft:play_time":2413,"minecraft:sprint_one_cm":3579,"minecraft:damage_taken":20,"minecraft:walk_one_cm":2290,"minecraft:drop":1,"minecraft:jump":37,"minecraft:leave_game":1,"minecraft:time_since_death":2413,"minecraft:total_world_time":2413,"minecraft:fall_one_cm":1240,"minecraft:interact_with_crafting_table":2,"minecraft:fly_one_cm":8965},"minecraft:mined":{"minecraft:acacia_log":7,"minecraft:crafting_table":2}},"DataVersion":3465}