{"stats":{"minecraft:custom":{"minecraft:time_since_rest":67525,"minecraft:play_one_minute":75155,"minecraft:deaths":4,"minecraft:sprint_one_cm":88,"minecraft:damage_taken":1000,"minecraft:walk_one_cm":74117,"minecraft:drop":2,"minecraft:jump":119,"minecraft:leave_game":2,"minecraft:time_since_death":63631,"minecraft:fly_one_cm":32848},"minecraft:mined":{"minecraft:grass":1},"minecraft:picked_up":{"minecraft:grass_block":1,"minecraft:lantern":1},"minecraft:killed_by":{"minecraft:zombie":4},"minecraft:dropped":{"minecraft:lantern":1,"minecraft:grass_block":1},"minecraft:used":{"minecraft:crimson_sign":2,"minecraft:snow_block":257,"minecraft:lantern":23,"minecraft:grass_block":56,"minecraft:birch_sign":4,"minecraft:pink_stained_glass":7,"minecraft:campfire":3,"minecraft:pink_concrete_powder":90,"minecraft:iron_door":5}},"DataVersion":2586}