{"stats":{"minecraft:killed":{"minecraft:creeper":1},"minecraft:custom":{"minecraft:interact_with_anvil":3,"minecraft:mob_kills":1,"minecraft:animals_bred":1,"minecraft:interact_with_crafting_table":2,"minecraft:play_one_minute":910491,"minecraft:leave_game":5,"minecraft:time_since_death":910491,"minecraft:sleep_in_bed":6,"minecraft:climb_one_cm":677,"minecraft:time_since_rest":464267,"minecraft:sprint_one_cm":3367,"minecraft:walk_one_cm":1979452,"minecraft:drop":45,"minecraft:damage_dealt":639,"minecraft:fly_one_cm":466295,"minecraft:pig_one_cm":135007,"minecraft:open_chest":5,"minecraft:crouch_one_cm":436,"minecraft:sneak_time":1420,"minecraft:walk_under_water_one_cm":30777,"minecraft:jump":4084,"minecraft:walk_on_water_one_cm":171874},"minecraft:used":{"minecraft:peony":85,"minecraft:water_bucket":43,"minecraft:rose_bush":121,"minecraft:pink_tulip":83,"minecraft:stripped_birch_log":128,"minecraft:carrot_on_a_stick":4,"minecraft:oak_planks":15,"minecraft:orange_tulip":38,"minecraft:oak_sign":5,"minecraft:blue_wool":15,"minecraft:black_carpet":86,"minecraft:quartz_stairs":10,"minecraft:grass":68,"minecraft:cooked_chicken":11,"minecraft:pink_concrete":3,"minecraft:torch":12,"minecraft:crafting_table":5,"minecraft:carrot":27,"minecraft:campfire":1,"minecraft:magenta_carpet":8,"minecraft:stripped_spruce_log":2,"minecraft:cyan_stained_glass":54,"minecraft:birch_fence":219,"minecraft:black_terracotta":27,"minecraft:glass":791,"minecraft:stone_brick_slab":24,"minecraft:black_wool":10,"minecraft:red_tulip":1,"minecraft:red_wool":83,"minecraft:yellow_stained_glass":69,"minecraft:light_gray_concrete":22,"minecraft:sunflower":7,"minecraft:lantern":386,"minecraft:grass_block":1729,"minecraft:blue_orchid":31,"minecraft:cyan_carpet":93,"minecraft:warped_fence":7,"minecraft:pig_spawn_egg":138,"minecraft:quartz_block":4,"minecraft:dark_oak_leaves":3,"minecraft:red_terracotta":20,"minecraft:soul_lantern":2,"minecraft:crimson_sign":2,"minecraft:purple_concrete":61,"minecraft:diamond_sword":5,"minecraft:gray_glazed_terracotta":24,"minecraft:magenta_terracotta":410,"minecraft:lime_stained_glass":116,"minecraft:oak_sapling":7,"minecraft:porkchop":3,"minecraft:gray_bed":1,"minecraft:white_concrete":1124,"minecraft:purple_carpet":32,"minecraft:dandelion":11,"minecraft:bone_meal":157},"minecraft:dropped":{"minecraft:porkchop":3,"minecraft:wheat_seeds":8,"minecraft:gray_glazed_terracotta":1,"minecraft:lantern":3,"minecraft:name_tag":1,"minecraft:carrot_on_a_stick":1,"minecraft:grass_block":8,"minecraft:diamond_sword":2,"minecraft:dark_oak_leaves":1,"minecraft:grass":1,"minecraft:peony":1,"minecraft:gray_bed":1,"minecraft:quartz_block":1,"minecraft:rose_bush":2,"minecraft:painting":1,"minecraft:sunflower":1,"minecraft:iron_bars":1,"minecraft:sand":1,"minecraft:blue_orchid":1,"minecraft:glass":4,"minecraft:cyan_carpet":1,"minecraft:dandelion":1},"minecraft:picked_up":{"minecraft:azure_bluet":2,"minecraft:water_bucket":1,"minecraft:diamond_sword":2,"minecraft:carrot_on_a_stick":1,"minecraft:gunpowder":4,"minecraft:cornflower":1,"minecraft:string":1,"minecraft:lantern":20,"minecraft:name_tag":1,"minecraft:purple_carpet":1,"minecraft:glass":1,"minecraft:bone":5,"minecraft:blue_orchid":3,"minecraft:orange_tulip":3,"minecraft:wheat_seeds":23,"minecraft:rose_bush":4,"minecraft:poppy":6,"minecraft:dark_oak_door":3,"minecraft:gray_glazed_terracotta":1,"minecraft:torch":1,"minecraft:pink_carpet":6,"minecraft:porkchop":3,"minecraft:grass_block":5,"minecraft:spider_eye":1,"minecraft:quartz_block":1,"minecraft:arrow":5,"minecraft:rotten_flesh":2,"minecraft:peony":5,"minecraft:writable_book":1,"minecraft:painting":3,"minecraft:bone_meal":2,"minecraft:pink_tulip":2,"minecraft:saddle":1,"minecraft:chorus_flower":1,"minecraft:black_wool":15,"minecraft:sunflower":2,"minecraft:oxeye_daisy":1}},"DataVersion":2586}