{"stats":{"minecraft:killed":{"minecraft:zombified_piglin":13,"minecraft:spider":18,"minecraft:phantom":5,"minecraft:skeleton":9,"minecraft:wolf":1,"minecraft:wandering_trader":1,"minecraft:creeper":15,"minecraft:zombie":6},"minecraft:mined":{"minecraft:grass_block":5,"minecraft:grass":1,"minecraft:oak_log":6,"minecraft:oak_leaves":2},"minecraft:crafted":{"minecraft:black_dye":36,"minecraft:oak_planks":24,"minecraft:iron_axe":29,"minecraft:lime_dye":36,"minecraft:diamond_sword":3,"minecraft:emerald":18,"minecraft:diamond_axe":2,"minecraft:crafting_table":1,"minecraft:iron_sword":9,"minecraft:bell":14,"minecraft:pumpkin_seeds":12,"minecraft:air":0,"minecraft:birch_sapling":8,"minecraft:stick":4,"minecraft:gunpowder":8,"minecraft:nautilus_shell":5},"minecraft:custom":{"minecraft:mob_kills":75,"minecraft:interact_with_anvil":10,"minecraft:animals_bred":10,"minecraft:interact_with_crafting_table":5,"minecraft:bell_ring":57,"minecraft:eat_cake_slice":7,"minecraft:leave_game":15,"minecraft:time_since_death":1170685,"minecraft:climb_one_cm":2243,"minecraft:sprint_one_cm":649401,"minecraft:walk_one_cm":1737521,"minecraft:drop":94,"minecraft:talked_to_villager":17,"minecraft:sneak_time":33692,"minecraft:walk_under_water_one_cm":15766,"minecraft:boat_one_cm":14566,"minecraft:jump":4245,"minecraft:walk_on_water_one_cm":145186,"minecraft:interact_with_furnace":2,"minecraft:traded_with_villager":132,"minecraft:tune_noteblock":218,"minecraft:play_one_minute":1170685,"minecraft:sleep_in_bed":17,"minecraft:time_since_rest":180301,"minecraft:damage_taken":430,"minecraft:damage_dealt":12270,"minecraft:fly_one_cm":3454337,"minecraft:open_chest":34,"minecraft:pig_one_cm":301488,"minecraft:crouch_one_cm":81124,"minecraft:aviate_one_cm":331957,"minecraft:fall_one_cm":17120,"minecraft:horse_one_cm":2403},"minecraft:used":{"minecraft:oak_fence":87,"minecraft:peony":64,"minecraft:oak_trapdoor":5,"minecraft:netherite_sword":137,"minecraft:iron_bars":8,"minecraft:writable_book":2,"minecraft:enchanting_table":1,"minecraft:carved_pumpkin":26,"minecraft:redstone":1,"minecraft:carrot_on_a_stick":14,"minecraft:poppy":2,"minecraft:ladder":3,"minecraft:oak_sign":2,"minecraft:black_carpet":9,"minecraft:chest":3,"minecraft:donkey_spawn_egg":1,"minecraft:stone":125,"minecraft:quartz_stairs":24,"minecraft:bell":2,"minecraft:cooked_chicken":8,"minecraft:soul_campfire":1,"minecraft:oak_door":3,"minecraft:bee_spawn_egg":3,"minecraft:torch":74,"minecraft:mooshroom_spawn_egg":1,"minecraft:dirt":222,"minecraft:anvil":4,"minecraft:white_carpet":3,"minecraft:carrot":28,"minecraft:acacia_sapling":1,"minecraft:pink_carpet":78,"minecraft:cyan_wool":150,"minecraft:snowball":95,"minecraft:milk_bucket":4,"minecraft:birch_door":4,"minecraft:jungle_sapling":1,"minecraft:glass":635,"minecraft:stone_brick_slab":12,"minecraft:bookshelf":20,"minecraft:yellow_stained_glass":31,"minecraft:grass_block":587,"minecraft:jungle_fence_gate":4,"minecraft:red_wool":102,"minecraft:lantern":29,"minecraft:iron_block":92,"minecraft:oak_stairs":31,"minecraft:panda_spawn_egg":1,"minecraft:birch_sapling":3,"minecraft:acacia_slab":4,"minecraft:polished_andesite_stairs":7,"minecraft:chicken_spawn_egg":1,"minecraft:pink_wool":41,"minecraft:item_frame":1,"minecraft:bamboo":23,"minecraft:redstone_lamp":1,"minecraft:bow":28,"minecraft:magenta_wool":6,"minecraft:magenta_terracotta":456,"minecraft:wolf_spawn_egg":2,"minecraft:oak_sapling":1,"minecraft:furnace":1,"minecraft:gray_bed":1,"minecraft:egg":31,"minecraft:enchanted_golden_apple":14,"minecraft:dark_oak_sapling":6,"minecraft:turtle_spawn_egg":1,"minecraft:dark_oak_stairs":4,"minecraft:water_bucket":673,"minecraft:diorite":3,"minecraft:end_rod":1,"minecraft:cow_spawn_egg":2,"minecraft:spruce_door":2,"minecraft:stripped_birch_log":49,"minecraft:oak_planks":844,"minecraft:cartography_table":1,"minecraft:fox_spawn_egg":1,"minecraft:redstone_block":8,"minecraft:parrot_spawn_egg":7,"minecraft:llama_spawn_egg":7,"minecraft:stonecutter":1,"minecraft:fletching_table":1,"minecraft:sheep_spawn_egg":22,"minecraft:horse_spawn_egg":7,"minecraft:cookie":2,"minecraft:pink_concrete":95,"minecraft:rabbit_spawn_egg":35,"minecraft:crafting_table":2,"minecraft:magenta_bed":5,"minecraft:birch_sign":4,"minecraft:campfire":2,"minecraft:mule_spawn_egg":4,"minecraft:lingering_potion":40,"minecraft:polar_bear_spawn_egg":1,"minecraft:note_block":3,"minecraft:stone_brick_wall":2,"minecraft:painting":83,"minecraft:cake":1,"minecraft:smoker":1,"minecraft:dark_oak_door":17,"minecraft:cyan_stained_glass":64,"minecraft:birch_fence":14,"minecraft:redstone_torch":1,"minecraft:black_terracotta":2,"minecraft:wooden_hoe":9,"minecraft:black_wool":187,"minecraft:apple":6,"minecraft:firework_rocket":52,"minecraft:daylight_detector":3,"minecraft:acacia_door":1,"minecraft:light_gray_concrete":1,"minecraft:sunflower":48,"minecraft:pig_spawn_egg":275,"minecraft:netherite_axe":15,"minecraft:lectern":2,"minecraft:oak_pressure_plate":6,"minecraft:spruce_sapling":2,"minecraft:cat_spawn_egg":23,"minecraft:lilac":18,"minecraft:pink_bed":5,"minecraft:ocelot_spawn_egg":1,"minecraft:diamond_sword":23,"minecraft:potion":1,"minecraft:cooked_porkchop":2,"minecraft:smithing_table":1,"minecraft:crimson_door":5,"minecraft:jungle_door":3,"minecraft:glass_pane":11,"minecraft:oak_boat":1,"minecraft:sea_pickle":5,"minecraft:white_concrete":72,"minecraft:purple_carpet":20,"minecraft:bone_meal":68,"minecraft:splash_potion":31,"minecraft:cobweb":4},"minecraft:dropped":{"minecraft:water_bucket":1,"minecraft:iron_sword":6,"minecraft:chorus_flower":1,"minecraft:cooked_porkchop":1,"minecraft:cookie":1,"minecraft:carrot_on_a_stick":1,"minecraft:emerald":64,"minecraft:white_concrete":1,"minecraft:jungle_door":1,"minecraft:writable_book":1,"minecraft:bone_meal":2,"minecraft:iron_axe":37,"minecraft:crimson_door":2,"minecraft:stone_brick_slab":1,"minecraft:pink_tulip":1,"minecraft:dark_oak_door":1,"minecraft:villager_spawn_egg":4,"minecraft:yellow_stained_glass":1,"minecraft:name_tag":1,"minecraft:white_bed":1,"minecraft:carrot":5,"minecraft:diamond_sword":2,"minecraft:poppy":1,"minecraft:yellow_bed":1,"minecraft:purple_bed":1,"minecraft:bell":13,"minecraft:black_wool":15},"minecraft:picked_up":{"minecraft:black_carpet":18,"minecraft:magenta_carpet":4,"minecraft:lead":1,"minecraft:string":15,"minecraft:iron_axe":16,"minecraft:white_carpet":1,"minecraft:cyan_carpet":1,"minecraft:oak_sign":1,"minecraft:blue_orchid":2,"minecraft:gold_nugget":6,"minecraft:dark_oak_leaves":1,"minecraft:rose_bush":2,"minecraft:phantom_membrane":4,"minecraft:egg":1,"minecraft:dark_oak_door":1,"minecraft:stick":6,"minecraft:torch":1,"minecraft:pink_carpet":10,"minecraft:porkchop":3,"minecraft:cookie":1,"minecraft:carrot":12,"minecraft:arrow":13,"minecraft:rotten_flesh":22,"minecraft:peony":1,"minecraft:pink_tulip":3,"minecraft:gold_ingot":1,"minecraft:iron_bars":1,"minecraft:white_wool":1,"minecraft:oxeye_daisy":1,"minecraft:carrot_on_a_stick":1,"minecraft:oak_log":6,"minecraft:gunpowder":18,"minecraft:dirt":5,"minecraft:lantern":12,"minecraft:name_tag":1,"minecraft:bone":9,"minecraft:glass":3,"minecraft:wheat_seeds":3,"minecraft:bell":1,"minecraft:yellow_stained_glass":1,"minecraft:gray_bed":1,"minecraft:cooked_porkchop":1,"minecraft:dandelion":2,"minecraft:sand":1,"minecraft:grass_block":3,"minecraft:crimson_door":3,"minecraft:spider_eye":5,"minecraft:painting":2,"minecraft:grass":1,"minecraft:sunflower":1}},"DataVersion":2586}