{"stats":{"minecraft:used":{"minecraft:pig_spawn_egg":1,"minecraft:oak_fence":1,"minecraft:oak_sign":1,"minecraft:oak_pressure_plate":1,"minecraft:crafting_table":1,"minecraft:grass_block":3},"minecraft:crafted":{"minecraft:oak_pressure_plate":1},"minecraft:custom":{"minecraft:jump":100,"minecraft:time_since_rest":26545,"minecraft:crouch_one_cm":683,"minecraft:play_one_minute":26545,"minecraft:leave_game":13,"minecraft:sprint_one_cm":26340,"minecraft:time_since_death":26545,"minecraft:walk_one_cm":23478,"minecraft:sneak_time":414,"minecraft:interact_with_crafting_table":1,"minecraft:fly_one_cm":190662}},"DataVersion":2586}